,gen,indicator,sim
0,0,4.051301800551329,d79c66f1-0fba-4b70-8a65-b17c5d575c35
1,1,4.082994128520246,d79c66f1-0fba-4b70-8a65-b17c5d575c35
2,2,4.085069732006821,d79c66f1-0fba-4b70-8a65-b17c5d575c35
3,3,4.133723911397926,d79c66f1-0fba-4b70-8a65-b17c5d575c35
4,4,4.147910768269763,d79c66f1-0fba-4b70-8a65-b17c5d575c35
5,5,4.148441720145163,d79c66f1-0fba-4b70-8a65-b17c5d575c35
6,6,4.153690726250626,d79c66f1-0fba-4b70-8a65-b17c5d575c35
7,7,4.1746340781005715,d79c66f1-0fba-4b70-8a65-b17c5d575c35
8,8,4.1746340781005715,d79c66f1-0fba-4b70-8a65-b17c5d575c35
9,9,4.1746340781005715,d79c66f1-0fba-4b70-8a65-b17c5d575c35
10,10,4.1746340781005715,d79c66f1-0fba-4b70-8a65-b17c5d575c35
11,11,4.175055068163832,d79c66f1-0fba-4b70-8a65-b17c5d575c35
12,12,4.18604029315116,d79c66f1-0fba-4b70-8a65-b17c5d575c35
13,13,4.187460413281625,d79c66f1-0fba-4b70-8a65-b17c5d575c35
14,14,4.187460413281625,d79c66f1-0fba-4b70-8a65-b17c5d575c35
15,15,4.187460413281625,d79c66f1-0fba-4b70-8a65-b17c5d575c35
16,16,4.187460413281625,d79c66f1-0fba-4b70-8a65-b17c5d575c35
17,17,4.187460413281625,d79c66f1-0fba-4b70-8a65-b17c5d575c35
18,18,4.187460413281625,d79c66f1-0fba-4b70-8a65-b17c5d575c35
19,19,4.187460413281625,d79c66f1-0fba-4b70-8a65-b17c5d575c35
20,20,4.187460413281625,d79c66f1-0fba-4b70-8a65-b17c5d575c35
21,21,4.187460413281625,d79c66f1-0fba-4b70-8a65-b17c5d575c35
22,22,4.1879137390855155,d79c66f1-0fba-4b70-8a65-b17c5d575c35
23,23,4.1879137390855155,d79c66f1-0fba-4b70-8a65-b17c5d575c35
24,24,4.1879137390855155,d79c66f1-0fba-4b70-8a65-b17c5d575c35
25,25,4.191906444005194,d79c66f1-0fba-4b70-8a65-b17c5d575c35
26,26,4.200569217621505,d79c66f1-0fba-4b70-8a65-b17c5d575c35
27,27,4.203523467375367,d79c66f1-0fba-4b70-8a65-b17c5d575c35
28,28,4.205093725674167,d79c66f1-0fba-4b70-8a65-b17c5d575c35
29,29,4.205695179454623,d79c66f1-0fba-4b70-8a65-b17c5d575c35
30,30,4.207889216567878,d79c66f1-0fba-4b70-8a65-b17c5d575c35
31,31,4.207889216567878,d79c66f1-0fba-4b70-8a65-b17c5d575c35
32,32,4.2078956558486285,d79c66f1-0fba-4b70-8a65-b17c5d575c35
33,33,4.208190321042879,d79c66f1-0fba-4b70-8a65-b17c5d575c35
34,34,4.208190321042879,d79c66f1-0fba-4b70-8a65-b17c5d575c35
35,35,4.20819722993909,d79c66f1-0fba-4b70-8a65-b17c5d575c35
36,36,4.208199134943678,d79c66f1-0fba-4b70-8a65-b17c5d575c35
37,37,4.208199134943678,d79c66f1-0fba-4b70-8a65-b17c5d575c35
38,38,4.208199134943678,d79c66f1-0fba-4b70-8a65-b17c5d575c35
39,39,4.208207696706253,d79c66f1-0fba-4b70-8a65-b17c5d575c35
40,40,4.208208721182524,d79c66f1-0fba-4b70-8a65-b17c5d575c35
41,41,4.208209876386301,d79c66f1-0fba-4b70-8a65-b17c5d575c35
42,42,4.208210861036458,d79c66f1-0fba-4b70-8a65-b17c5d575c35
43,43,4.208211068434693,d79c66f1-0fba-4b70-8a65-b17c5d575c35
44,44,4.20821113779512,d79c66f1-0fba-4b70-8a65-b17c5d575c35
45,45,4.208211139091565,d79c66f1-0fba-4b70-8a65-b17c5d575c35
46,46,4.208211162607275,d79c66f1-0fba-4b70-8a65-b17c5d575c35
47,47,4.208211167692755,d79c66f1-0fba-4b70-8a65-b17c5d575c35
48,48,4.20821116877978,d79c66f1-0fba-4b70-8a65-b17c5d575c35
49,49,4.20821116877978,d79c66f1-0fba-4b70-8a65-b17c5d575c35
50,50,4.20821116877978,d79c66f1-0fba-4b70-8a65-b17c5d575c35
51,51,4.20821116877978,d79c66f1-0fba-4b70-8a65-b17c5d575c35
52,52,4.20821116877978,d79c66f1-0fba-4b70-8a65-b17c5d575c35
53,53,4.20821116877978,d79c66f1-0fba-4b70-8a65-b17c5d575c35
54,54,4.20821116877978,d79c66f1-0fba-4b70-8a65-b17c5d575c35
55,55,4.20821116877978,d79c66f1-0fba-4b70-8a65-b17c5d575c35
56,56,4.20821116877978,d79c66f1-0fba-4b70-8a65-b17c5d575c35
57,57,4.20821116877978,d79c66f1-0fba-4b70-8a65-b17c5d575c35
58,58,4.20821116877978,d79c66f1-0fba-4b70-8a65-b17c5d575c35
59,59,4.20821116877978,d79c66f1-0fba-4b70-8a65-b17c5d575c35
60,60,4.20821116877978,d79c66f1-0fba-4b70-8a65-b17c5d575c35
61,61,4.20821116877978,d79c66f1-0fba-4b70-8a65-b17c5d575c35
62,62,4.20821116877978,d79c66f1-0fba-4b70-8a65-b17c5d575c35
63,63,4.20821116877978,d79c66f1-0fba-4b70-8a65-b17c5d575c35
64,64,4.20821116877978,d79c66f1-0fba-4b70-8a65-b17c5d575c35
65,65,4.20821116877978,d79c66f1-0fba-4b70-8a65-b17c5d575c35
66,66,4.20821116877978,d79c66f1-0fba-4b70-8a65-b17c5d575c35
67,67,4.20821116877978,d79c66f1-0fba-4b70-8a65-b17c5d575c35
68,68,4.20821116877978,d79c66f1-0fba-4b70-8a65-b17c5d575c35
69,69,4.20821116877978,d79c66f1-0fba-4b70-8a65-b17c5d575c35
70,70,4.20821116877978,d79c66f1-0fba-4b70-8a65-b17c5d575c35
71,71,4.20821116877978,d79c66f1-0fba-4b70-8a65-b17c5d575c35
72,72,4.2095894741523665,d79c66f1-0fba-4b70-8a65-b17c5d575c35
73,73,4.2095894741523665,d79c66f1-0fba-4b70-8a65-b17c5d575c35
74,74,4.2100428409203206,d79c66f1-0fba-4b70-8a65-b17c5d575c35
75,75,4.2101412027276,d79c66f1-0fba-4b70-8a65-b17c5d575c35
76,76,4.2101412027276,d79c66f1-0fba-4b70-8a65-b17c5d575c35
77,77,4.2101412027276,d79c66f1-0fba-4b70-8a65-b17c5d575c35
78,78,4.210155608437979,d79c66f1-0fba-4b70-8a65-b17c5d575c35
79,79,4.210158246799964,d79c66f1-0fba-4b70-8a65-b17c5d575c35
80,80,4.210158246799964,d79c66f1-0fba-4b70-8a65-b17c5d575c35
81,81,4.210158349216624,d79c66f1-0fba-4b70-8a65-b17c5d575c35
82,82,4.210158349216624,d79c66f1-0fba-4b70-8a65-b17c5d575c35
83,83,4.210158349373358,d79c66f1-0fba-4b70-8a65-b17c5d575c35
84,84,4.210158360020357,d79c66f1-0fba-4b70-8a65-b17c5d575c35
85,85,4.210158360020357,d79c66f1-0fba-4b70-8a65-b17c5d575c35
86,86,4.210158360020357,d79c66f1-0fba-4b70-8a65-b17c5d575c35
87,87,4.210158360020357,d79c66f1-0fba-4b70-8a65-b17c5d575c35
88,88,4.210191151669806,d79c66f1-0fba-4b70-8a65-b17c5d575c35
89,89,4.210191151669806,d79c66f1-0fba-4b70-8a65-b17c5d575c35
90,90,4.210191151669806,d79c66f1-0fba-4b70-8a65-b17c5d575c35
91,91,4.210205621384217,d79c66f1-0fba-4b70-8a65-b17c5d575c35
92,92,4.210233511850161,d79c66f1-0fba-4b70-8a65-b17c5d575c35
93,93,4.210233737090781,d79c66f1-0fba-4b70-8a65-b17c5d575c35
94,94,4.210233737090781,d79c66f1-0fba-4b70-8a65-b17c5d575c35
95,95,4.210233737090781,d79c66f1-0fba-4b70-8a65-b17c5d575c35
96,96,4.210233737090781,d79c66f1-0fba-4b70-8a65-b17c5d575c35
97,97,4.2102364057186445,d79c66f1-0fba-4b70-8a65-b17c5d575c35
98,98,4.2102364057186445,d79c66f1-0fba-4b70-8a65-b17c5d575c35
99,99,4.2102364057186445,d79c66f1-0fba-4b70-8a65-b17c5d575c35
100,100,4.210236610914092,d79c66f1-0fba-4b70-8a65-b17c5d575c35
101,101,4.210238383654701,d79c66f1-0fba-4b70-8a65-b17c5d575c35
102,102,4.210239042371203,d79c66f1-0fba-4b70-8a65-b17c5d575c35
103,103,4.21023906518544,d79c66f1-0fba-4b70-8a65-b17c5d575c35
104,104,4.21023906518544,d79c66f1-0fba-4b70-8a65-b17c5d575c35
105,105,4.21023906518544,d79c66f1-0fba-4b70-8a65-b17c5d575c35
106,106,4.2102390815926745,d79c66f1-0fba-4b70-8a65-b17c5d575c35
107,107,4.210240981045947,d79c66f1-0fba-4b70-8a65-b17c5d575c35
108,108,4.210240981045947,d79c66f1-0fba-4b70-8a65-b17c5d575c35
109,109,4.210240981045947,d79c66f1-0fba-4b70-8a65-b17c5d575c35
110,110,4.210240981045947,d79c66f1-0fba-4b70-8a65-b17c5d575c35
111,111,4.210240981045947,d79c66f1-0fba-4b70-8a65-b17c5d575c35
112,112,4.210240981045947,d79c66f1-0fba-4b70-8a65-b17c5d575c35
113,113,4.210240981045947,d79c66f1-0fba-4b70-8a65-b17c5d575c35
114,114,4.210240981045947,d79c66f1-0fba-4b70-8a65-b17c5d575c35
115,115,4.210240981045947,d79c66f1-0fba-4b70-8a65-b17c5d575c35
116,116,4.21024098232442,d79c66f1-0fba-4b70-8a65-b17c5d575c35
117,117,4.21024098232442,d79c66f1-0fba-4b70-8a65-b17c5d575c35
118,118,4.21024098232442,d79c66f1-0fba-4b70-8a65-b17c5d575c35
119,119,4.210240982734636,d79c66f1-0fba-4b70-8a65-b17c5d575c35
120,120,4.210240982766772,d79c66f1-0fba-4b70-8a65-b17c5d575c35
121,121,4.210240982766772,d79c66f1-0fba-4b70-8a65-b17c5d575c35
122,122,4.210240982790536,d79c66f1-0fba-4b70-8a65-b17c5d575c35
123,123,4.210240982797652,d79c66f1-0fba-4b70-8a65-b17c5d575c35
124,124,4.210240982797652,d79c66f1-0fba-4b70-8a65-b17c5d575c35
125,125,4.210240982830655,d79c66f1-0fba-4b70-8a65-b17c5d575c35
126,126,4.210240982848707,d79c66f1-0fba-4b70-8a65-b17c5d575c35
127,127,4.210240982856273,d79c66f1-0fba-4b70-8a65-b17c5d575c35
128,128,4.2102409828580045,d79c66f1-0fba-4b70-8a65-b17c5d575c35
129,129,4.210240982878626,d79c66f1-0fba-4b70-8a65-b17c5d575c35
130,130,4.2102409828803316,d79c66f1-0fba-4b70-8a65-b17c5d575c35
131,131,4.210240982880362,d79c66f1-0fba-4b70-8a65-b17c5d575c35
132,132,4.210240982880363,d79c66f1-0fba-4b70-8a65-b17c5d575c35
133,133,4.210240982882743,d79c66f1-0fba-4b70-8a65-b17c5d575c35
134,134,4.2102409828827785,d79c66f1-0fba-4b70-8a65-b17c5d575c35
135,135,4.21024098288762,d79c66f1-0fba-4b70-8a65-b17c5d575c35
136,136,4.21024098288762,d79c66f1-0fba-4b70-8a65-b17c5d575c35
137,137,4.210240982888001,d79c66f1-0fba-4b70-8a65-b17c5d575c35
138,138,4.2102409828881076,d79c66f1-0fba-4b70-8a65-b17c5d575c35
139,139,4.2102409828881076,d79c66f1-0fba-4b70-8a65-b17c5d575c35
140,140,4.21024098288817,d79c66f1-0fba-4b70-8a65-b17c5d575c35
141,141,4.210240982889765,d79c66f1-0fba-4b70-8a65-b17c5d575c35
142,142,4.2102409828901886,d79c66f1-0fba-4b70-8a65-b17c5d575c35
143,143,4.2102409828901886,d79c66f1-0fba-4b70-8a65-b17c5d575c35
144,144,4.2102409828901886,d79c66f1-0fba-4b70-8a65-b17c5d575c35
145,145,4.2102409828901886,d79c66f1-0fba-4b70-8a65-b17c5d575c35
146,146,4.2102409828901886,d79c66f1-0fba-4b70-8a65-b17c5d575c35
147,147,4.2102409828901886,d79c66f1-0fba-4b70-8a65-b17c5d575c35
148,148,4.2102409828901886,d79c66f1-0fba-4b70-8a65-b17c5d575c35
149,149,4.2102409828901886,d79c66f1-0fba-4b70-8a65-b17c5d575c35
150,150,4.2102409828901886,d79c66f1-0fba-4b70-8a65-b17c5d575c35
151,151,4.2102409828901886,d79c66f1-0fba-4b70-8a65-b17c5d575c35
152,152,4.2102409828901886,d79c66f1-0fba-4b70-8a65-b17c5d575c35
153,153,4.2102409828901886,d79c66f1-0fba-4b70-8a65-b17c5d575c35
154,154,4.2102409828901886,d79c66f1-0fba-4b70-8a65-b17c5d575c35
155,155,4.2102409828901886,d79c66f1-0fba-4b70-8a65-b17c5d575c35
156,156,4.2102409828901886,d79c66f1-0fba-4b70-8a65-b17c5d575c35
157,157,4.2102409828901886,d79c66f1-0fba-4b70-8a65-b17c5d575c35
158,158,4.2102409828901886,d79c66f1-0fba-4b70-8a65-b17c5d575c35
159,159,4.2102409828901886,d79c66f1-0fba-4b70-8a65-b17c5d575c35
160,160,4.2102409828901886,d79c66f1-0fba-4b70-8a65-b17c5d575c35
161,161,4.2102409828901886,d79c66f1-0fba-4b70-8a65-b17c5d575c35
162,162,4.2102409828901886,d79c66f1-0fba-4b70-8a65-b17c5d575c35
163,163,4.2102409828901886,d79c66f1-0fba-4b70-8a65-b17c5d575c35
164,164,4.2102409828901886,d79c66f1-0fba-4b70-8a65-b17c5d575c35
165,165,4.2102409828901886,d79c66f1-0fba-4b70-8a65-b17c5d575c35
166,166,4.2102409828901886,d79c66f1-0fba-4b70-8a65-b17c5d575c35
167,167,4.2102409828901886,d79c66f1-0fba-4b70-8a65-b17c5d575c35
168,168,4.2102409828901886,d79c66f1-0fba-4b70-8a65-b17c5d575c35
169,169,4.2102409828901886,d79c66f1-0fba-4b70-8a65-b17c5d575c35
170,170,4.2102409828901886,d79c66f1-0fba-4b70-8a65-b17c5d575c35
171,171,4.2102409828901886,d79c66f1-0fba-4b70-8a65-b17c5d575c35
172,172,4.2102409828901886,d79c66f1-0fba-4b70-8a65-b17c5d575c35
173,173,4.2102409828901886,d79c66f1-0fba-4b70-8a65-b17c5d575c35
174,174,4.2102409828901886,d79c66f1-0fba-4b70-8a65-b17c5d575c35
175,175,4.2102409828901886,d79c66f1-0fba-4b70-8a65-b17c5d575c35
176,176,4.2102409828901886,d79c66f1-0fba-4b70-8a65-b17c5d575c35
177,177,4.2102409828901886,d79c66f1-0fba-4b70-8a65-b17c5d575c35
178,178,4.2102409828901886,d79c66f1-0fba-4b70-8a65-b17c5d575c35
179,179,4.2102409828901886,d79c66f1-0fba-4b70-8a65-b17c5d575c35
180,180,4.2102409828901886,d79c66f1-0fba-4b70-8a65-b17c5d575c35
181,181,4.2102409828901886,d79c66f1-0fba-4b70-8a65-b17c5d575c35
182,182,4.2102409828901886,d79c66f1-0fba-4b70-8a65-b17c5d575c35
183,183,4.2102409828901886,d79c66f1-0fba-4b70-8a65-b17c5d575c35
184,184,4.2102409828901886,d79c66f1-0fba-4b70-8a65-b17c5d575c35
185,185,4.2102409828901886,d79c66f1-0fba-4b70-8a65-b17c5d575c35
186,186,4.2102409828901886,d79c66f1-0fba-4b70-8a65-b17c5d575c35
187,187,4.2102409828901886,d79c66f1-0fba-4b70-8a65-b17c5d575c35
188,188,4.2102409828901886,d79c66f1-0fba-4b70-8a65-b17c5d575c35
189,189,4.2102409828901886,d79c66f1-0fba-4b70-8a65-b17c5d575c35
190,190,4.2102409828901886,d79c66f1-0fba-4b70-8a65-b17c5d575c35
191,191,4.2102409828901886,d79c66f1-0fba-4b70-8a65-b17c5d575c35
192,192,4.2102409828901886,d79c66f1-0fba-4b70-8a65-b17c5d575c35
193,193,4.2102409828901886,d79c66f1-0fba-4b70-8a65-b17c5d575c35
194,194,4.2102409828901886,d79c66f1-0fba-4b70-8a65-b17c5d575c35
195,195,4.2102409828901886,d79c66f1-0fba-4b70-8a65-b17c5d575c35
196,196,4.2102409828901886,d79c66f1-0fba-4b70-8a65-b17c5d575c35
197,197,4.2102409828901886,d79c66f1-0fba-4b70-8a65-b17c5d575c35
198,198,4.2102409828901886,d79c66f1-0fba-4b70-8a65-b17c5d575c35
199,199,4.2102409828901886,d79c66f1-0fba-4b70-8a65-b17c5d575c35
200,200,4.2102409828901886,d79c66f1-0fba-4b70-8a65-b17c5d575c35
201,201,4.2102409828901886,d79c66f1-0fba-4b70-8a65-b17c5d575c35
202,202,4.2102409828901886,d79c66f1-0fba-4b70-8a65-b17c5d575c35
203,203,4.2102409828901886,d79c66f1-0fba-4b70-8a65-b17c5d575c35
204,204,4.2102409828901886,d79c66f1-0fba-4b70-8a65-b17c5d575c35
205,205,4.2102409828901886,d79c66f1-0fba-4b70-8a65-b17c5d575c35
206,206,4.2102409828901886,d79c66f1-0fba-4b70-8a65-b17c5d575c35
207,207,4.2102409828901886,d79c66f1-0fba-4b70-8a65-b17c5d575c35
208,208,4.2102409828901886,d79c66f1-0fba-4b70-8a65-b17c5d575c35
209,209,4.2102409828901886,d79c66f1-0fba-4b70-8a65-b17c5d575c35
210,210,4.2102409828901886,d79c66f1-0fba-4b70-8a65-b17c5d575c35
211,211,4.2102409828901886,d79c66f1-0fba-4b70-8a65-b17c5d575c35
212,212,4.2102409828901886,d79c66f1-0fba-4b70-8a65-b17c5d575c35
213,213,4.2102409828901886,d79c66f1-0fba-4b70-8a65-b17c5d575c35
214,214,4.2102409828901886,d79c66f1-0fba-4b70-8a65-b17c5d575c35
215,215,4.2102409828901886,d79c66f1-0fba-4b70-8a65-b17c5d575c35
216,216,4.2102409828901886,d79c66f1-0fba-4b70-8a65-b17c5d575c35
217,217,4.2102409828901886,d79c66f1-0fba-4b70-8a65-b17c5d575c35
218,218,4.2102409828901886,d79c66f1-0fba-4b70-8a65-b17c5d575c35
219,219,4.2102409828901886,d79c66f1-0fba-4b70-8a65-b17c5d575c35
220,220,4.2102409828901886,d79c66f1-0fba-4b70-8a65-b17c5d575c35
221,221,4.2102409828901886,d79c66f1-0fba-4b70-8a65-b17c5d575c35
222,222,4.2102409828901886,d79c66f1-0fba-4b70-8a65-b17c5d575c35
223,223,4.2102409828901886,d79c66f1-0fba-4b70-8a65-b17c5d575c35
224,224,4.2102409828901886,d79c66f1-0fba-4b70-8a65-b17c5d575c35
225,225,4.2102409828901886,d79c66f1-0fba-4b70-8a65-b17c5d575c35
226,226,4.2102409828901886,d79c66f1-0fba-4b70-8a65-b17c5d575c35
227,227,4.2102409828901886,d79c66f1-0fba-4b70-8a65-b17c5d575c35
228,228,4.2102409828901886,d79c66f1-0fba-4b70-8a65-b17c5d575c35
229,229,4.2102409828901886,d79c66f1-0fba-4b70-8a65-b17c5d575c35
230,230,4.2102409828901886,d79c66f1-0fba-4b70-8a65-b17c5d575c35
231,231,4.2102409828901886,d79c66f1-0fba-4b70-8a65-b17c5d575c35
232,232,4.2102409828901886,d79c66f1-0fba-4b70-8a65-b17c5d575c35
233,233,4.2102409828901886,d79c66f1-0fba-4b70-8a65-b17c5d575c35
234,234,4.2102409828901886,d79c66f1-0fba-4b70-8a65-b17c5d575c35
235,235,4.2102409828901886,d79c66f1-0fba-4b70-8a65-b17c5d575c35
236,236,4.2102409828901886,d79c66f1-0fba-4b70-8a65-b17c5d575c35
237,237,4.2102409828901886,d79c66f1-0fba-4b70-8a65-b17c5d575c35
238,238,4.2102409828901886,d79c66f1-0fba-4b70-8a65-b17c5d575c35
239,239,4.2102409828901886,d79c66f1-0fba-4b70-8a65-b17c5d575c35
240,240,4.2102409828901886,d79c66f1-0fba-4b70-8a65-b17c5d575c35
241,241,4.2102409828901886,d79c66f1-0fba-4b70-8a65-b17c5d575c35
242,242,4.2102409828901886,d79c66f1-0fba-4b70-8a65-b17c5d575c35
243,243,4.2102409828901886,d79c66f1-0fba-4b70-8a65-b17c5d575c35
244,244,4.2102409828901886,d79c66f1-0fba-4b70-8a65-b17c5d575c35
245,245,4.2102409828901886,d79c66f1-0fba-4b70-8a65-b17c5d575c35
246,246,4.2102409828901886,d79c66f1-0fba-4b70-8a65-b17c5d575c35
247,247,4.2102409828901886,d79c66f1-0fba-4b70-8a65-b17c5d575c35
248,248,4.2102409828901886,d79c66f1-0fba-4b70-8a65-b17c5d575c35
249,249,4.2102409828901886,d79c66f1-0fba-4b70-8a65-b17c5d575c35
250,250,4.2102409828901886,d79c66f1-0fba-4b70-8a65-b17c5d575c35
251,251,4.2102409828901886,d79c66f1-0fba-4b70-8a65-b17c5d575c35
252,252,4.2102409828901886,d79c66f1-0fba-4b70-8a65-b17c5d575c35
253,253,4.2102409828901886,d79c66f1-0fba-4b70-8a65-b17c5d575c35
254,254,4.2102409828901886,d79c66f1-0fba-4b70-8a65-b17c5d575c35
255,255,4.2102409828901886,d79c66f1-0fba-4b70-8a65-b17c5d575c35
256,256,4.2102409828901886,d79c66f1-0fba-4b70-8a65-b17c5d575c35
257,257,4.2102409828901886,d79c66f1-0fba-4b70-8a65-b17c5d575c35
258,258,4.2102409828901886,d79c66f1-0fba-4b70-8a65-b17c5d575c35
259,259,4.2102409828901886,d79c66f1-0fba-4b70-8a65-b17c5d575c35
260,260,4.2102409828901886,d79c66f1-0fba-4b70-8a65-b17c5d575c35
261,261,4.2102409828901886,d79c66f1-0fba-4b70-8a65-b17c5d575c35
262,262,4.2102409828901886,d79c66f1-0fba-4b70-8a65-b17c5d575c35
263,263,4.2102409828901886,d79c66f1-0fba-4b70-8a65-b17c5d575c35
264,264,4.2102409828901886,d79c66f1-0fba-4b70-8a65-b17c5d575c35
265,265,4.2102409828901886,d79c66f1-0fba-4b70-8a65-b17c5d575c35
266,266,4.2102409828901886,d79c66f1-0fba-4b70-8a65-b17c5d575c35
267,267,4.2102409828901886,d79c66f1-0fba-4b70-8a65-b17c5d575c35
268,268,4.2102409828901886,d79c66f1-0fba-4b70-8a65-b17c5d575c35
269,269,4.2102409828901886,d79c66f1-0fba-4b70-8a65-b17c5d575c35
270,270,4.2102409828901886,d79c66f1-0fba-4b70-8a65-b17c5d575c35
271,271,4.2102409828901886,d79c66f1-0fba-4b70-8a65-b17c5d575c35
272,272,4.2102409828901886,d79c66f1-0fba-4b70-8a65-b17c5d575c35
273,273,4.2102409828901886,d79c66f1-0fba-4b70-8a65-b17c5d575c35
274,274,4.2102409828901886,d79c66f1-0fba-4b70-8a65-b17c5d575c35
275,275,4.2102409828901886,d79c66f1-0fba-4b70-8a65-b17c5d575c35
276,276,4.2102409828901886,d79c66f1-0fba-4b70-8a65-b17c5d575c35
277,277,4.2102409828901886,d79c66f1-0fba-4b70-8a65-b17c5d575c35
278,278,4.2102409828901886,d79c66f1-0fba-4b70-8a65-b17c5d575c35
279,279,4.2102409828901886,d79c66f1-0fba-4b70-8a65-b17c5d575c35
280,280,4.2102409828901886,d79c66f1-0fba-4b70-8a65-b17c5d575c35
281,281,4.2102409828901886,d79c66f1-0fba-4b70-8a65-b17c5d575c35
282,282,4.2102409828901886,d79c66f1-0fba-4b70-8a65-b17c5d575c35
283,283,4.2102409828901886,d79c66f1-0fba-4b70-8a65-b17c5d575c35
284,284,4.2102409828901886,d79c66f1-0fba-4b70-8a65-b17c5d575c35
285,285,4.2102409828901886,d79c66f1-0fba-4b70-8a65-b17c5d575c35
286,286,4.2102409828901886,d79c66f1-0fba-4b70-8a65-b17c5d575c35
287,287,4.2102409828901886,d79c66f1-0fba-4b70-8a65-b17c5d575c35
288,288,4.2102409828901886,d79c66f1-0fba-4b70-8a65-b17c5d575c35
289,289,4.2102409828901886,d79c66f1-0fba-4b70-8a65-b17c5d575c35
290,290,4.2102409828901886,d79c66f1-0fba-4b70-8a65-b17c5d575c35
291,291,4.2102409828901886,d79c66f1-0fba-4b70-8a65-b17c5d575c35
292,292,4.2102409828901886,d79c66f1-0fba-4b70-8a65-b17c5d575c35
293,293,4.2102409828901886,d79c66f1-0fba-4b70-8a65-b17c5d575c35
294,294,4.2102409828901886,d79c66f1-0fba-4b70-8a65-b17c5d575c35
295,295,4.2102409828901886,d79c66f1-0fba-4b70-8a65-b17c5d575c35
296,296,4.2102409828901886,d79c66f1-0fba-4b70-8a65-b17c5d575c35
297,297,4.2102409828901886,d79c66f1-0fba-4b70-8a65-b17c5d575c35
298,298,4.2102409828901886,d79c66f1-0fba-4b70-8a65-b17c5d575c35
299,299,4.2102409828901886,d79c66f1-0fba-4b70-8a65-b17c5d575c35
300,300,4.2102409828901886,d79c66f1-0fba-4b70-8a65-b17c5d575c35
301,301,4.2102409828901886,d79c66f1-0fba-4b70-8a65-b17c5d575c35
302,302,4.2102409828901886,d79c66f1-0fba-4b70-8a65-b17c5d575c35
303,303,4.2102409828901886,d79c66f1-0fba-4b70-8a65-b17c5d575c35
304,304,4.2102409828901886,d79c66f1-0fba-4b70-8a65-b17c5d575c35
305,305,4.2102409828901886,d79c66f1-0fba-4b70-8a65-b17c5d575c35
306,306,4.2102409828901886,d79c66f1-0fba-4b70-8a65-b17c5d575c35
307,307,4.2102409828901886,d79c66f1-0fba-4b70-8a65-b17c5d575c35
308,308,4.210241247201573,d79c66f1-0fba-4b70-8a65-b17c5d575c35
309,309,4.210241250925874,d79c66f1-0fba-4b70-8a65-b17c5d575c35
310,310,4.21024551325851,d79c66f1-0fba-4b70-8a65-b17c5d575c35
311,311,4.21024551325851,d79c66f1-0fba-4b70-8a65-b17c5d575c35
312,312,4.210250799071964,d79c66f1-0fba-4b70-8a65-b17c5d575c35
313,313,4.210251021014527,d79c66f1-0fba-4b70-8a65-b17c5d575c35
314,314,4.2102510255399705,d79c66f1-0fba-4b70-8a65-b17c5d575c35
315,315,4.210251144534729,d79c66f1-0fba-4b70-8a65-b17c5d575c35
316,316,4.210251327302187,d79c66f1-0fba-4b70-8a65-b17c5d575c35
317,317,4.210251340097987,d79c66f1-0fba-4b70-8a65-b17c5d575c35
318,318,4.210251340097987,d79c66f1-0fba-4b70-8a65-b17c5d575c35
319,319,4.210251340097987,d79c66f1-0fba-4b70-8a65-b17c5d575c35
320,320,4.210251342571324,d79c66f1-0fba-4b70-8a65-b17c5d575c35
321,321,4.210251432127129,d79c66f1-0fba-4b70-8a65-b17c5d575c35
322,322,4.2102514326492635,d79c66f1-0fba-4b70-8a65-b17c5d575c35
323,323,4.210251450601642,d79c66f1-0fba-4b70-8a65-b17c5d575c35
324,324,4.210251456218011,d79c66f1-0fba-4b70-8a65-b17c5d575c35
325,325,4.210251456218011,d79c66f1-0fba-4b70-8a65-b17c5d575c35
326,326,4.210251460925195,d79c66f1-0fba-4b70-8a65-b17c5d575c35
327,327,4.2102514642171505,d79c66f1-0fba-4b70-8a65-b17c5d575c35
328,328,4.2102514642171505,d79c66f1-0fba-4b70-8a65-b17c5d575c35
329,329,4.2102514642398035,d79c66f1-0fba-4b70-8a65-b17c5d575c35
330,330,4.210251464802516,d79c66f1-0fba-4b70-8a65-b17c5d575c35
331,331,4.21025146480271,d79c66f1-0fba-4b70-8a65-b17c5d575c35
332,332,4.21025146480271,d79c66f1-0fba-4b70-8a65-b17c5d575c35
333,333,4.21025146480271,d79c66f1-0fba-4b70-8a65-b17c5d575c35
334,334,4.21025146480271,d79c66f1-0fba-4b70-8a65-b17c5d575c35
335,335,4.210251464871484,d79c66f1-0fba-4b70-8a65-b17c5d575c35
336,336,4.210251464885958,d79c66f1-0fba-4b70-8a65-b17c5d575c35
337,337,4.210251464897902,d79c66f1-0fba-4b70-8a65-b17c5d575c35
338,338,4.210251465075017,d79c66f1-0fba-4b70-8a65-b17c5d575c35
339,339,4.210251465075017,d79c66f1-0fba-4b70-8a65-b17c5d575c35
340,340,4.210251465075017,d79c66f1-0fba-4b70-8a65-b17c5d575c35
341,341,4.210251465141595,d79c66f1-0fba-4b70-8a65-b17c5d575c35
342,342,4.210251465141799,d79c66f1-0fba-4b70-8a65-b17c5d575c35
343,343,4.210251465520086,d79c66f1-0fba-4b70-8a65-b17c5d575c35
344,344,4.210251465545625,d79c66f1-0fba-4b70-8a65-b17c5d575c35
345,345,4.210251465633038,d79c66f1-0fba-4b70-8a65-b17c5d575c35
346,346,4.210251465724159,d79c66f1-0fba-4b70-8a65-b17c5d575c35
347,347,4.210251466146395,d79c66f1-0fba-4b70-8a65-b17c5d575c35
348,348,4.210251466147959,d79c66f1-0fba-4b70-8a65-b17c5d575c35
349,349,4.210251466155832,d79c66f1-0fba-4b70-8a65-b17c5d575c35
350,350,4.210251466155955,d79c66f1-0fba-4b70-8a65-b17c5d575c35
351,351,4.210251466155955,d79c66f1-0fba-4b70-8a65-b17c5d575c35
352,352,4.210251466155955,d79c66f1-0fba-4b70-8a65-b17c5d575c35
353,353,4.210251466155955,d79c66f1-0fba-4b70-8a65-b17c5d575c35
354,354,4.210251466155955,d79c66f1-0fba-4b70-8a65-b17c5d575c35
355,355,4.210251466155955,d79c66f1-0fba-4b70-8a65-b17c5d575c35
356,356,4.210251466155955,d79c66f1-0fba-4b70-8a65-b17c5d575c35
357,357,4.210251466155955,d79c66f1-0fba-4b70-8a65-b17c5d575c35
358,358,4.210251466155955,d79c66f1-0fba-4b70-8a65-b17c5d575c35
359,359,4.210251466155955,d79c66f1-0fba-4b70-8a65-b17c5d575c35
360,360,4.210251466155955,d79c66f1-0fba-4b70-8a65-b17c5d575c35
361,361,4.210251466155955,d79c66f1-0fba-4b70-8a65-b17c5d575c35
362,362,4.210251466155955,d79c66f1-0fba-4b70-8a65-b17c5d575c35
363,363,4.210251466155955,d79c66f1-0fba-4b70-8a65-b17c5d575c35
364,364,4.210251466155955,d79c66f1-0fba-4b70-8a65-b17c5d575c35
365,365,4.210251466155955,d79c66f1-0fba-4b70-8a65-b17c5d575c35
366,366,4.2102515536094005,d79c66f1-0fba-4b70-8a65-b17c5d575c35
367,367,4.2102515536094005,d79c66f1-0fba-4b70-8a65-b17c5d575c35
368,368,4.210251607211611,d79c66f1-0fba-4b70-8a65-b17c5d575c35
369,369,4.210251607211611,d79c66f1-0fba-4b70-8a65-b17c5d575c35
370,370,4.210251607211611,d79c66f1-0fba-4b70-8a65-b17c5d575c35
371,371,4.210251607211611,d79c66f1-0fba-4b70-8a65-b17c5d575c35
372,372,4.210251612923598,d79c66f1-0fba-4b70-8a65-b17c5d575c35
373,373,4.210251634522618,d79c66f1-0fba-4b70-8a65-b17c5d575c35
374,374,4.210251634522618,d79c66f1-0fba-4b70-8a65-b17c5d575c35
375,375,4.210251634528598,d79c66f1-0fba-4b70-8a65-b17c5d575c35
376,376,4.210251634528598,d79c66f1-0fba-4b70-8a65-b17c5d575c35
377,377,4.210251636604264,d79c66f1-0fba-4b70-8a65-b17c5d575c35
378,378,4.210251636604264,d79c66f1-0fba-4b70-8a65-b17c5d575c35
379,379,4.210251636604264,d79c66f1-0fba-4b70-8a65-b17c5d575c35
380,380,4.210251636652029,d79c66f1-0fba-4b70-8a65-b17c5d575c35
381,381,4.210251636652916,d79c66f1-0fba-4b70-8a65-b17c5d575c35
382,382,4.210251636660223,d79c66f1-0fba-4b70-8a65-b17c5d575c35
383,383,4.210251636660223,d79c66f1-0fba-4b70-8a65-b17c5d575c35
384,384,4.210251637514908,d79c66f1-0fba-4b70-8a65-b17c5d575c35
385,385,4.21025164236451,d79c66f1-0fba-4b70-8a65-b17c5d575c35
386,386,4.210251643430544,d79c66f1-0fba-4b70-8a65-b17c5d575c35
387,387,4.2102516442153,d79c66f1-0fba-4b70-8a65-b17c5d575c35
388,388,4.210251644895686,d79c66f1-0fba-4b70-8a65-b17c5d575c35
389,389,4.210251644895686,d79c66f1-0fba-4b70-8a65-b17c5d575c35
390,390,4.21025164492676,d79c66f1-0fba-4b70-8a65-b17c5d575c35
391,391,4.210251644975826,d79c66f1-0fba-4b70-8a65-b17c5d575c35
392,392,4.210251644975826,d79c66f1-0fba-4b70-8a65-b17c5d575c35
393,393,4.210251645056422,d79c66f1-0fba-4b70-8a65-b17c5d575c35
394,394,4.21025164508662,d79c66f1-0fba-4b70-8a65-b17c5d575c35
395,395,4.2102516453364265,d79c66f1-0fba-4b70-8a65-b17c5d575c35
396,396,4.2102516453364265,d79c66f1-0fba-4b70-8a65-b17c5d575c35
397,397,4.210251645473441,d79c66f1-0fba-4b70-8a65-b17c5d575c35
398,398,4.210251645549806,d79c66f1-0fba-4b70-8a65-b17c5d575c35
399,399,4.210251645549806,d79c66f1-0fba-4b70-8a65-b17c5d575c35
400,400,4.210251645648414,d79c66f1-0fba-4b70-8a65-b17c5d575c35
401,401,4.210251645671436,d79c66f1-0fba-4b70-8a65-b17c5d575c35
402,402,4.210251645671436,d79c66f1-0fba-4b70-8a65-b17c5d575c35
403,403,4.2102516459723285,d79c66f1-0fba-4b70-8a65-b17c5d575c35
404,404,4.21025206613844,d79c66f1-0fba-4b70-8a65-b17c5d575c35
405,405,4.210252066151028,d79c66f1-0fba-4b70-8a65-b17c5d575c35
406,406,4.2102619317423695,d79c66f1-0fba-4b70-8a65-b17c5d575c35
407,407,4.210322476257007,d79c66f1-0fba-4b70-8a65-b17c5d575c35
408,408,4.210333629877421,d79c66f1-0fba-4b70-8a65-b17c5d575c35
409,409,4.210333629877421,d79c66f1-0fba-4b70-8a65-b17c5d575c35
410,410,4.210335562707703,d79c66f1-0fba-4b70-8a65-b17c5d575c35
411,411,4.210336282928322,d79c66f1-0fba-4b70-8a65-b17c5d575c35
412,412,4.210336530483768,d79c66f1-0fba-4b70-8a65-b17c5d575c35
413,413,4.210336530483768,d79c66f1-0fba-4b70-8a65-b17c5d575c35
414,414,4.210336598335659,d79c66f1-0fba-4b70-8a65-b17c5d575c35
415,415,4.210336598335659,d79c66f1-0fba-4b70-8a65-b17c5d575c35
416,416,4.210337169311696,d79c66f1-0fba-4b70-8a65-b17c5d575c35
417,417,4.210337169311696,d79c66f1-0fba-4b70-8a65-b17c5d575c35
418,418,4.210337169311696,d79c66f1-0fba-4b70-8a65-b17c5d575c35
419,419,4.210337169311696,d79c66f1-0fba-4b70-8a65-b17c5d575c35
420,420,4.210337169311696,d79c66f1-0fba-4b70-8a65-b17c5d575c35
421,421,4.210337169311696,d79c66f1-0fba-4b70-8a65-b17c5d575c35
422,422,4.210337169311696,d79c66f1-0fba-4b70-8a65-b17c5d575c35
423,423,4.210337169311696,d79c66f1-0fba-4b70-8a65-b17c5d575c35
424,424,4.210337169311696,d79c66f1-0fba-4b70-8a65-b17c5d575c35
425,425,4.210337169311696,d79c66f1-0fba-4b70-8a65-b17c5d575c35
426,426,4.210337169311696,d79c66f1-0fba-4b70-8a65-b17c5d575c35
427,427,4.210337169311696,d79c66f1-0fba-4b70-8a65-b17c5d575c35
428,428,4.210337169311696,d79c66f1-0fba-4b70-8a65-b17c5d575c35
429,429,4.210337169311696,d79c66f1-0fba-4b70-8a65-b17c5d575c35
430,430,4.210337169311696,d79c66f1-0fba-4b70-8a65-b17c5d575c35
431,431,4.210337169311696,d79c66f1-0fba-4b70-8a65-b17c5d575c35
432,432,4.210337169311696,d79c66f1-0fba-4b70-8a65-b17c5d575c35
433,433,4.210337169311696,d79c66f1-0fba-4b70-8a65-b17c5d575c35
434,434,4.210337169311696,d79c66f1-0fba-4b70-8a65-b17c5d575c35
435,435,4.210337169311696,d79c66f1-0fba-4b70-8a65-b17c5d575c35
436,436,4.210337169311696,d79c66f1-0fba-4b70-8a65-b17c5d575c35
437,437,4.210338630629018,d79c66f1-0fba-4b70-8a65-b17c5d575c35
438,438,4.210338635310949,d79c66f1-0fba-4b70-8a65-b17c5d575c35
439,439,4.210338635310949,d79c66f1-0fba-4b70-8a65-b17c5d575c35
440,440,4.210338635311713,d79c66f1-0fba-4b70-8a65-b17c5d575c35
441,441,4.210338635311713,d79c66f1-0fba-4b70-8a65-b17c5d575c35
442,442,4.210338635311713,d79c66f1-0fba-4b70-8a65-b17c5d575c35
443,443,4.210338635311713,d79c66f1-0fba-4b70-8a65-b17c5d575c35
444,444,4.210338635311713,d79c66f1-0fba-4b70-8a65-b17c5d575c35
445,445,4.210338635311713,d79c66f1-0fba-4b70-8a65-b17c5d575c35
446,446,4.210338635311713,d79c66f1-0fba-4b70-8a65-b17c5d575c35
447,447,4.210338635311713,d79c66f1-0fba-4b70-8a65-b17c5d575c35
448,448,4.210338635311713,d79c66f1-0fba-4b70-8a65-b17c5d575c35
449,449,4.210338635311713,d79c66f1-0fba-4b70-8a65-b17c5d575c35
450,450,4.210338635311713,d79c66f1-0fba-4b70-8a65-b17c5d575c35
451,451,4.210338635311713,d79c66f1-0fba-4b70-8a65-b17c5d575c35
452,452,4.210338635311713,d79c66f1-0fba-4b70-8a65-b17c5d575c35
453,453,4.210338635311713,d79c66f1-0fba-4b70-8a65-b17c5d575c35
454,454,4.210338635311713,d79c66f1-0fba-4b70-8a65-b17c5d575c35
455,455,4.210338635311713,d79c66f1-0fba-4b70-8a65-b17c5d575c35
456,456,4.210338635311713,d79c66f1-0fba-4b70-8a65-b17c5d575c35
457,457,4.210338635311713,d79c66f1-0fba-4b70-8a65-b17c5d575c35
458,458,4.210338635311713,d79c66f1-0fba-4b70-8a65-b17c5d575c35
459,459,4.210338635311713,d79c66f1-0fba-4b70-8a65-b17c5d575c35
460,460,4.210338635311713,d79c66f1-0fba-4b70-8a65-b17c5d575c35
461,461,4.210338635311713,d79c66f1-0fba-4b70-8a65-b17c5d575c35
462,462,4.210338635311713,d79c66f1-0fba-4b70-8a65-b17c5d575c35
463,463,4.210338635311713,d79c66f1-0fba-4b70-8a65-b17c5d575c35
464,464,4.210338635311713,d79c66f1-0fba-4b70-8a65-b17c5d575c35
465,465,4.210338635311713,d79c66f1-0fba-4b70-8a65-b17c5d575c35
466,466,4.210338635311713,d79c66f1-0fba-4b70-8a65-b17c5d575c35
467,467,4.210338635311713,d79c66f1-0fba-4b70-8a65-b17c5d575c35
468,468,4.210338635311713,d79c66f1-0fba-4b70-8a65-b17c5d575c35
469,469,4.210338635311713,d79c66f1-0fba-4b70-8a65-b17c5d575c35
470,470,4.210338635311713,d79c66f1-0fba-4b70-8a65-b17c5d575c35
471,471,4.210338635311713,d79c66f1-0fba-4b70-8a65-b17c5d575c35
472,472,4.210338635311713,d79c66f1-0fba-4b70-8a65-b17c5d575c35
473,473,4.210338635311713,d79c66f1-0fba-4b70-8a65-b17c5d575c35
474,474,4.210338635311713,d79c66f1-0fba-4b70-8a65-b17c5d575c35
475,475,4.210338635311713,d79c66f1-0fba-4b70-8a65-b17c5d575c35
476,476,4.210338635311713,d79c66f1-0fba-4b70-8a65-b17c5d575c35
477,477,4.210338635311713,d79c66f1-0fba-4b70-8a65-b17c5d575c35
478,478,4.210338635311713,d79c66f1-0fba-4b70-8a65-b17c5d575c35
479,479,4.210338635311713,d79c66f1-0fba-4b70-8a65-b17c5d575c35
480,480,4.210338635311713,d79c66f1-0fba-4b70-8a65-b17c5d575c35
481,481,4.210338635311713,d79c66f1-0fba-4b70-8a65-b17c5d575c35
482,482,4.210338635311713,d79c66f1-0fba-4b70-8a65-b17c5d575c35
483,483,4.210338635311713,d79c66f1-0fba-4b70-8a65-b17c5d575c35
484,484,4.210338635311713,d79c66f1-0fba-4b70-8a65-b17c5d575c35
485,485,4.210338635311713,d79c66f1-0fba-4b70-8a65-b17c5d575c35
486,486,4.210338635311713,d79c66f1-0fba-4b70-8a65-b17c5d575c35
487,487,4.210338635311713,d79c66f1-0fba-4b70-8a65-b17c5d575c35
488,488,4.210338635311713,d79c66f1-0fba-4b70-8a65-b17c5d575c35
489,489,4.210338635311713,d79c66f1-0fba-4b70-8a65-b17c5d575c35
490,490,4.210338635311713,d79c66f1-0fba-4b70-8a65-b17c5d575c35
491,491,4.210338635311713,d79c66f1-0fba-4b70-8a65-b17c5d575c35
492,492,4.210338635311713,d79c66f1-0fba-4b70-8a65-b17c5d575c35
493,493,4.210338635311713,d79c66f1-0fba-4b70-8a65-b17c5d575c35
494,494,4.210338635311713,d79c66f1-0fba-4b70-8a65-b17c5d575c35
495,495,4.210338635311713,d79c66f1-0fba-4b70-8a65-b17c5d575c35
496,496,4.210338635311713,d79c66f1-0fba-4b70-8a65-b17c5d575c35
497,497,4.210338635311713,d79c66f1-0fba-4b70-8a65-b17c5d575c35
498,498,4.210338635311713,d79c66f1-0fba-4b70-8a65-b17c5d575c35
499,499,4.210338635311713,d79c66f1-0fba-4b70-8a65-b17c5d575c35
500,500,4.210338635311713,d79c66f1-0fba-4b70-8a65-b17c5d575c35
501,501,4.210338635311713,d79c66f1-0fba-4b70-8a65-b17c5d575c35
502,502,4.210338635311713,d79c66f1-0fba-4b70-8a65-b17c5d575c35
503,503,4.210338635311713,d79c66f1-0fba-4b70-8a65-b17c5d575c35
504,504,4.210338635311713,d79c66f1-0fba-4b70-8a65-b17c5d575c35
505,505,4.210338635311713,d79c66f1-0fba-4b70-8a65-b17c5d575c35
506,506,4.210338635311713,d79c66f1-0fba-4b70-8a65-b17c5d575c35
507,507,4.210338635311713,d79c66f1-0fba-4b70-8a65-b17c5d575c35
508,508,4.210338635311713,d79c66f1-0fba-4b70-8a65-b17c5d575c35
509,509,4.210338635311713,d79c66f1-0fba-4b70-8a65-b17c5d575c35
510,510,4.210338635311713,d79c66f1-0fba-4b70-8a65-b17c5d575c35
511,511,4.210338635311713,d79c66f1-0fba-4b70-8a65-b17c5d575c35
512,512,4.210338635311713,d79c66f1-0fba-4b70-8a65-b17c5d575c35
513,513,4.21033906797012,d79c66f1-0fba-4b70-8a65-b17c5d575c35
514,514,4.2103394829817935,d79c66f1-0fba-4b70-8a65-b17c5d575c35
515,515,4.210339483003098,d79c66f1-0fba-4b70-8a65-b17c5d575c35
516,516,4.210339483003098,d79c66f1-0fba-4b70-8a65-b17c5d575c35
517,517,4.210339483003098,d79c66f1-0fba-4b70-8a65-b17c5d575c35
518,518,4.210339483003098,d79c66f1-0fba-4b70-8a65-b17c5d575c35
519,519,4.210339483003098,d79c66f1-0fba-4b70-8a65-b17c5d575c35
520,520,4.210339483003098,d79c66f1-0fba-4b70-8a65-b17c5d575c35
521,521,4.210339483003098,d79c66f1-0fba-4b70-8a65-b17c5d575c35
522,522,4.210339483003098,d79c66f1-0fba-4b70-8a65-b17c5d575c35
523,523,4.210339483003098,d79c66f1-0fba-4b70-8a65-b17c5d575c35
524,524,4.210339483003098,d79c66f1-0fba-4b70-8a65-b17c5d575c35
525,525,4.210339483003098,d79c66f1-0fba-4b70-8a65-b17c5d575c35
526,526,4.210339483003098,d79c66f1-0fba-4b70-8a65-b17c5d575c35
527,527,4.210339483003098,d79c66f1-0fba-4b70-8a65-b17c5d575c35
528,528,4.210339483003098,d79c66f1-0fba-4b70-8a65-b17c5d575c35
529,529,4.210339483003098,d79c66f1-0fba-4b70-8a65-b17c5d575c35
530,530,4.210339483003098,d79c66f1-0fba-4b70-8a65-b17c5d575c35
531,531,4.210339483003098,d79c66f1-0fba-4b70-8a65-b17c5d575c35
532,532,4.210339483003098,d79c66f1-0fba-4b70-8a65-b17c5d575c35
533,533,4.210339483003098,d79c66f1-0fba-4b70-8a65-b17c5d575c35
534,534,4.210339483003098,d79c66f1-0fba-4b70-8a65-b17c5d575c35
535,535,4.210339483003098,d79c66f1-0fba-4b70-8a65-b17c5d575c35
536,536,4.210339483003098,d79c66f1-0fba-4b70-8a65-b17c5d575c35
537,537,4.210339483003098,d79c66f1-0fba-4b70-8a65-b17c5d575c35
538,538,4.210339483003098,d79c66f1-0fba-4b70-8a65-b17c5d575c35
539,539,4.210339483003098,d79c66f1-0fba-4b70-8a65-b17c5d575c35
540,540,4.210339483003098,d79c66f1-0fba-4b70-8a65-b17c5d575c35
541,541,4.210339483003098,d79c66f1-0fba-4b70-8a65-b17c5d575c35
542,542,4.210339483003098,d79c66f1-0fba-4b70-8a65-b17c5d575c35
543,543,4.210339483003098,d79c66f1-0fba-4b70-8a65-b17c5d575c35
544,544,4.210339483003098,d79c66f1-0fba-4b70-8a65-b17c5d575c35
545,545,4.210339483003098,d79c66f1-0fba-4b70-8a65-b17c5d575c35
546,546,4.210339483003098,d79c66f1-0fba-4b70-8a65-b17c5d575c35
547,547,4.210339483003098,d79c66f1-0fba-4b70-8a65-b17c5d575c35
548,548,4.210339483003098,d79c66f1-0fba-4b70-8a65-b17c5d575c35
549,549,4.210339483003098,d79c66f1-0fba-4b70-8a65-b17c5d575c35
550,550,4.210339483003098,d79c66f1-0fba-4b70-8a65-b17c5d575c35
551,551,4.210339483003098,d79c66f1-0fba-4b70-8a65-b17c5d575c35
552,552,4.210339483003098,d79c66f1-0fba-4b70-8a65-b17c5d575c35
553,553,4.210339483003098,d79c66f1-0fba-4b70-8a65-b17c5d575c35
554,554,4.210339483003098,d79c66f1-0fba-4b70-8a65-b17c5d575c35
555,555,4.210339483003098,d79c66f1-0fba-4b70-8a65-b17c5d575c35
556,556,4.210339483003098,d79c66f1-0fba-4b70-8a65-b17c5d575c35
557,557,4.210339483003098,d79c66f1-0fba-4b70-8a65-b17c5d575c35
558,558,4.210339483003098,d79c66f1-0fba-4b70-8a65-b17c5d575c35
559,559,4.210339483003098,d79c66f1-0fba-4b70-8a65-b17c5d575c35
560,560,4.210339483003098,d79c66f1-0fba-4b70-8a65-b17c5d575c35
561,561,4.210339483003098,d79c66f1-0fba-4b70-8a65-b17c5d575c35
562,562,4.210339483003098,d79c66f1-0fba-4b70-8a65-b17c5d575c35
563,563,4.210339483003098,d79c66f1-0fba-4b70-8a65-b17c5d575c35
564,564,4.210339483003098,d79c66f1-0fba-4b70-8a65-b17c5d575c35
565,565,4.210339483003098,d79c66f1-0fba-4b70-8a65-b17c5d575c35
566,566,4.210339483003098,d79c66f1-0fba-4b70-8a65-b17c5d575c35
567,567,4.210339483003098,d79c66f1-0fba-4b70-8a65-b17c5d575c35
568,568,4.210339483003098,d79c66f1-0fba-4b70-8a65-b17c5d575c35
569,569,4.210339483003098,d79c66f1-0fba-4b70-8a65-b17c5d575c35
570,570,4.210339483003098,d79c66f1-0fba-4b70-8a65-b17c5d575c35
571,571,4.210339483003098,d79c66f1-0fba-4b70-8a65-b17c5d575c35
572,572,4.210339483003098,d79c66f1-0fba-4b70-8a65-b17c5d575c35
573,573,4.210339483003098,d79c66f1-0fba-4b70-8a65-b17c5d575c35
574,574,4.210339483003098,d79c66f1-0fba-4b70-8a65-b17c5d575c35
575,575,4.210339483003098,d79c66f1-0fba-4b70-8a65-b17c5d575c35
576,576,4.210339483003098,d79c66f1-0fba-4b70-8a65-b17c5d575c35
577,577,4.210339483003098,d79c66f1-0fba-4b70-8a65-b17c5d575c35
578,578,4.210339483003098,d79c66f1-0fba-4b70-8a65-b17c5d575c35
579,579,4.210339483003098,d79c66f1-0fba-4b70-8a65-b17c5d575c35
580,580,4.210339483003098,d79c66f1-0fba-4b70-8a65-b17c5d575c35
581,581,4.210339483003098,d79c66f1-0fba-4b70-8a65-b17c5d575c35
582,582,4.210339483003098,d79c66f1-0fba-4b70-8a65-b17c5d575c35
583,583,4.210339483003098,d79c66f1-0fba-4b70-8a65-b17c5d575c35
584,584,4.210339483003098,d79c66f1-0fba-4b70-8a65-b17c5d575c35
585,585,4.210339533544338,d79c66f1-0fba-4b70-8a65-b17c5d575c35
586,586,4.210438796050607,d79c66f1-0fba-4b70-8a65-b17c5d575c35
587,587,4.210438796050607,d79c66f1-0fba-4b70-8a65-b17c5d575c35
588,588,4.210438796050607,d79c66f1-0fba-4b70-8a65-b17c5d575c35
589,589,4.210438796050607,d79c66f1-0fba-4b70-8a65-b17c5d575c35
590,590,4.210438796050607,d79c66f1-0fba-4b70-8a65-b17c5d575c35
591,591,4.210438796050607,d79c66f1-0fba-4b70-8a65-b17c5d575c35
592,592,4.210438796050607,d79c66f1-0fba-4b70-8a65-b17c5d575c35
593,593,4.210438796050607,d79c66f1-0fba-4b70-8a65-b17c5d575c35
594,594,4.210438796050607,d79c66f1-0fba-4b70-8a65-b17c5d575c35
595,595,4.210438796050607,d79c66f1-0fba-4b70-8a65-b17c5d575c35
596,596,4.210438796050607,d79c66f1-0fba-4b70-8a65-b17c5d575c35
597,597,4.210438796050607,d79c66f1-0fba-4b70-8a65-b17c5d575c35
598,598,4.210438796050607,d79c66f1-0fba-4b70-8a65-b17c5d575c35
599,599,4.210438796050607,d79c66f1-0fba-4b70-8a65-b17c5d575c35
600,600,4.210438796050607,d79c66f1-0fba-4b70-8a65-b17c5d575c35
601,601,4.210438796050607,d79c66f1-0fba-4b70-8a65-b17c5d575c35
602,602,4.210438796050607,d79c66f1-0fba-4b70-8a65-b17c5d575c35
603,603,4.210438796050607,d79c66f1-0fba-4b70-8a65-b17c5d575c35
604,604,4.210438796050607,d79c66f1-0fba-4b70-8a65-b17c5d575c35
605,605,4.210438796050607,d79c66f1-0fba-4b70-8a65-b17c5d575c35
606,606,4.210438796050607,d79c66f1-0fba-4b70-8a65-b17c5d575c35
607,607,4.210438796050607,d79c66f1-0fba-4b70-8a65-b17c5d575c35
608,608,4.210438796050607,d79c66f1-0fba-4b70-8a65-b17c5d575c35
609,609,4.210438796050607,d79c66f1-0fba-4b70-8a65-b17c5d575c35
610,610,4.210438796050607,d79c66f1-0fba-4b70-8a65-b17c5d575c35
611,611,4.210438796050607,d79c66f1-0fba-4b70-8a65-b17c5d575c35
612,612,4.210438796050607,d79c66f1-0fba-4b70-8a65-b17c5d575c35
613,613,4.210438796050607,d79c66f1-0fba-4b70-8a65-b17c5d575c35
614,614,4.210438796050607,d79c66f1-0fba-4b70-8a65-b17c5d575c35
615,615,4.210438796050607,d79c66f1-0fba-4b70-8a65-b17c5d575c35
616,616,4.210438796050607,d79c66f1-0fba-4b70-8a65-b17c5d575c35
617,617,4.210438796050607,d79c66f1-0fba-4b70-8a65-b17c5d575c35
618,618,4.210438796050607,d79c66f1-0fba-4b70-8a65-b17c5d575c35
619,619,4.210438796050607,d79c66f1-0fba-4b70-8a65-b17c5d575c35
620,620,4.210438796050607,d79c66f1-0fba-4b70-8a65-b17c5d575c35
621,621,4.210438796050607,d79c66f1-0fba-4b70-8a65-b17c5d575c35
622,622,4.210438796050607,d79c66f1-0fba-4b70-8a65-b17c5d575c35
623,623,4.210438796050607,d79c66f1-0fba-4b70-8a65-b17c5d575c35
624,624,4.210438796050607,d79c66f1-0fba-4b70-8a65-b17c5d575c35
625,625,4.210438796050607,d79c66f1-0fba-4b70-8a65-b17c5d575c35
626,626,4.210438796050607,d79c66f1-0fba-4b70-8a65-b17c5d575c35
627,627,4.210438796050607,d79c66f1-0fba-4b70-8a65-b17c5d575c35
628,628,4.210438796050607,d79c66f1-0fba-4b70-8a65-b17c5d575c35
629,629,4.210438796050607,d79c66f1-0fba-4b70-8a65-b17c5d575c35
630,630,4.210438796050607,d79c66f1-0fba-4b70-8a65-b17c5d575c35
631,631,4.210438796050607,d79c66f1-0fba-4b70-8a65-b17c5d575c35
632,632,4.210438796050607,d79c66f1-0fba-4b70-8a65-b17c5d575c35
633,633,4.210438796050607,d79c66f1-0fba-4b70-8a65-b17c5d575c35
634,634,4.210438796050607,d79c66f1-0fba-4b70-8a65-b17c5d575c35
635,635,4.210438796050607,d79c66f1-0fba-4b70-8a65-b17c5d575c35
636,636,4.210438796050607,d79c66f1-0fba-4b70-8a65-b17c5d575c35
637,637,4.210438796050607,d79c66f1-0fba-4b70-8a65-b17c5d575c35
638,638,4.210438796050607,d79c66f1-0fba-4b70-8a65-b17c5d575c35
639,639,4.210438796050607,d79c66f1-0fba-4b70-8a65-b17c5d575c35
640,640,4.210438796050607,d79c66f1-0fba-4b70-8a65-b17c5d575c35
641,641,4.210438796050607,d79c66f1-0fba-4b70-8a65-b17c5d575c35
642,642,4.210438796050607,d79c66f1-0fba-4b70-8a65-b17c5d575c35
643,643,4.210438796050607,d79c66f1-0fba-4b70-8a65-b17c5d575c35
644,644,4.210438796050607,d79c66f1-0fba-4b70-8a65-b17c5d575c35
645,645,4.210438796050607,d79c66f1-0fba-4b70-8a65-b17c5d575c35
646,646,4.210438796050607,d79c66f1-0fba-4b70-8a65-b17c5d575c35
647,647,4.210438796050607,d79c66f1-0fba-4b70-8a65-b17c5d575c35
648,648,4.210438796050607,d79c66f1-0fba-4b70-8a65-b17c5d575c35
649,649,4.210438796050607,d79c66f1-0fba-4b70-8a65-b17c5d575c35
650,650,4.210438796050607,d79c66f1-0fba-4b70-8a65-b17c5d575c35
651,651,4.210438796050607,d79c66f1-0fba-4b70-8a65-b17c5d575c35
652,652,4.210438796050607,d79c66f1-0fba-4b70-8a65-b17c5d575c35
653,653,4.210438796050607,d79c66f1-0fba-4b70-8a65-b17c5d575c35
654,654,4.210438796050607,d79c66f1-0fba-4b70-8a65-b17c5d575c35
655,655,4.210438796050607,d79c66f1-0fba-4b70-8a65-b17c5d575c35
656,656,4.210438796050607,d79c66f1-0fba-4b70-8a65-b17c5d575c35
657,657,4.210438796050607,d79c66f1-0fba-4b70-8a65-b17c5d575c35
658,658,4.210438796050607,d79c66f1-0fba-4b70-8a65-b17c5d575c35
659,659,4.210438796050607,d79c66f1-0fba-4b70-8a65-b17c5d575c35
660,660,4.210438796050607,d79c66f1-0fba-4b70-8a65-b17c5d575c35
661,661,4.210468663449878,d79c66f1-0fba-4b70-8a65-b17c5d575c35
662,662,4.210468663449878,d79c66f1-0fba-4b70-8a65-b17c5d575c35
663,663,4.210468663449878,d79c66f1-0fba-4b70-8a65-b17c5d575c35
664,664,4.210468663449878,d79c66f1-0fba-4b70-8a65-b17c5d575c35
665,665,4.210468663449878,d79c66f1-0fba-4b70-8a65-b17c5d575c35
666,666,4.210468663449878,d79c66f1-0fba-4b70-8a65-b17c5d575c35
667,667,4.210468663449878,d79c66f1-0fba-4b70-8a65-b17c5d575c35
668,668,4.210468663449878,d79c66f1-0fba-4b70-8a65-b17c5d575c35
669,669,4.210468663449878,d79c66f1-0fba-4b70-8a65-b17c5d575c35
670,670,4.210468663449878,d79c66f1-0fba-4b70-8a65-b17c5d575c35
671,671,4.210468663449878,d79c66f1-0fba-4b70-8a65-b17c5d575c35
672,672,4.210468663449878,d79c66f1-0fba-4b70-8a65-b17c5d575c35
673,673,4.210468663449878,d79c66f1-0fba-4b70-8a65-b17c5d575c35
674,674,4.210468663449878,d79c66f1-0fba-4b70-8a65-b17c5d575c35
675,675,4.210468663449878,d79c66f1-0fba-4b70-8a65-b17c5d575c35
676,676,4.210468663449878,d79c66f1-0fba-4b70-8a65-b17c5d575c35
677,677,4.210468663449878,d79c66f1-0fba-4b70-8a65-b17c5d575c35
678,678,4.210468663449878,d79c66f1-0fba-4b70-8a65-b17c5d575c35
679,679,4.210468663449878,d79c66f1-0fba-4b70-8a65-b17c5d575c35
680,680,4.210468663449878,d79c66f1-0fba-4b70-8a65-b17c5d575c35
681,681,4.210468663449878,d79c66f1-0fba-4b70-8a65-b17c5d575c35
682,682,4.210468663449878,d79c66f1-0fba-4b70-8a65-b17c5d575c35
683,683,4.210468663449878,d79c66f1-0fba-4b70-8a65-b17c5d575c35
684,684,4.210468663449878,d79c66f1-0fba-4b70-8a65-b17c5d575c35
685,685,4.210468663449878,d79c66f1-0fba-4b70-8a65-b17c5d575c35
686,686,4.210468663449878,d79c66f1-0fba-4b70-8a65-b17c5d575c35
687,687,4.210468663449878,d79c66f1-0fba-4b70-8a65-b17c5d575c35
688,688,4.210468663449878,d79c66f1-0fba-4b70-8a65-b17c5d575c35
689,689,4.210468663449878,d79c66f1-0fba-4b70-8a65-b17c5d575c35
690,690,4.210468663449878,d79c66f1-0fba-4b70-8a65-b17c5d575c35
691,691,4.210468663449878,d79c66f1-0fba-4b70-8a65-b17c5d575c35
692,692,4.210468663449878,d79c66f1-0fba-4b70-8a65-b17c5d575c35
693,693,4.210468663449878,d79c66f1-0fba-4b70-8a65-b17c5d575c35
694,694,4.210468663449878,d79c66f1-0fba-4b70-8a65-b17c5d575c35
695,695,4.210468663449878,d79c66f1-0fba-4b70-8a65-b17c5d575c35
696,696,4.210468663449878,d79c66f1-0fba-4b70-8a65-b17c5d575c35
697,697,4.210468663449878,d79c66f1-0fba-4b70-8a65-b17c5d575c35
698,698,4.210468663449878,d79c66f1-0fba-4b70-8a65-b17c5d575c35
699,699,4.210468663449878,d79c66f1-0fba-4b70-8a65-b17c5d575c35
700,700,4.210468663449878,d79c66f1-0fba-4b70-8a65-b17c5d575c35
701,701,4.210468663449878,d79c66f1-0fba-4b70-8a65-b17c5d575c35
702,702,4.210468663449878,d79c66f1-0fba-4b70-8a65-b17c5d575c35
703,703,4.210468663449878,d79c66f1-0fba-4b70-8a65-b17c5d575c35
704,704,4.210468663449878,d79c66f1-0fba-4b70-8a65-b17c5d575c35
705,705,4.210468663449878,d79c66f1-0fba-4b70-8a65-b17c5d575c35
706,706,4.210468663449878,d79c66f1-0fba-4b70-8a65-b17c5d575c35
707,707,4.210468663449878,d79c66f1-0fba-4b70-8a65-b17c5d575c35
708,708,4.210468663449878,d79c66f1-0fba-4b70-8a65-b17c5d575c35
709,709,4.210468663449878,d79c66f1-0fba-4b70-8a65-b17c5d575c35
710,710,4.210468663449878,d79c66f1-0fba-4b70-8a65-b17c5d575c35
711,711,4.210468663449878,d79c66f1-0fba-4b70-8a65-b17c5d575c35
712,712,4.210468663449878,d79c66f1-0fba-4b70-8a65-b17c5d575c35
713,713,4.210468663449878,d79c66f1-0fba-4b70-8a65-b17c5d575c35
714,714,4.210468663449878,d79c66f1-0fba-4b70-8a65-b17c5d575c35
715,715,4.210468663449878,d79c66f1-0fba-4b70-8a65-b17c5d575c35
716,716,4.210468663449878,d79c66f1-0fba-4b70-8a65-b17c5d575c35
717,717,4.210468663449878,d79c66f1-0fba-4b70-8a65-b17c5d575c35
718,718,4.210468663449878,d79c66f1-0fba-4b70-8a65-b17c5d575c35
719,719,4.210468663449878,d79c66f1-0fba-4b70-8a65-b17c5d575c35
720,720,4.210468663449878,d79c66f1-0fba-4b70-8a65-b17c5d575c35
721,721,4.210468663449878,d79c66f1-0fba-4b70-8a65-b17c5d575c35
722,722,4.210468663449878,d79c66f1-0fba-4b70-8a65-b17c5d575c35
723,723,4.210468663449878,d79c66f1-0fba-4b70-8a65-b17c5d575c35
724,724,4.210468663449878,d79c66f1-0fba-4b70-8a65-b17c5d575c35
725,725,4.210468663449878,d79c66f1-0fba-4b70-8a65-b17c5d575c35
726,726,4.210468663449878,d79c66f1-0fba-4b70-8a65-b17c5d575c35
727,727,4.210468663449878,d79c66f1-0fba-4b70-8a65-b17c5d575c35
728,728,4.210468663449878,d79c66f1-0fba-4b70-8a65-b17c5d575c35
729,729,4.210468663449878,d79c66f1-0fba-4b70-8a65-b17c5d575c35
730,730,4.210468663449878,d79c66f1-0fba-4b70-8a65-b17c5d575c35
731,731,4.210468663449878,d79c66f1-0fba-4b70-8a65-b17c5d575c35
732,732,4.210468663449878,d79c66f1-0fba-4b70-8a65-b17c5d575c35
733,733,4.210468663449878,d79c66f1-0fba-4b70-8a65-b17c5d575c35
734,734,4.210468663449878,d79c66f1-0fba-4b70-8a65-b17c5d575c35
735,735,4.210468663449878,d79c66f1-0fba-4b70-8a65-b17c5d575c35
736,736,4.210468663449878,d79c66f1-0fba-4b70-8a65-b17c5d575c35
737,737,4.210468663449878,d79c66f1-0fba-4b70-8a65-b17c5d575c35
738,738,4.210468663449878,d79c66f1-0fba-4b70-8a65-b17c5d575c35
739,739,4.210468663449878,d79c66f1-0fba-4b70-8a65-b17c5d575c35
740,740,4.210468663449878,d79c66f1-0fba-4b70-8a65-b17c5d575c35
741,741,4.210468663449878,d79c66f1-0fba-4b70-8a65-b17c5d575c35
742,742,4.210468663449878,d79c66f1-0fba-4b70-8a65-b17c5d575c35
743,743,4.210468663449878,d79c66f1-0fba-4b70-8a65-b17c5d575c35
744,744,4.210468663449878,d79c66f1-0fba-4b70-8a65-b17c5d575c35
745,745,4.210468663449878,d79c66f1-0fba-4b70-8a65-b17c5d575c35
746,746,4.210468663449878,d79c66f1-0fba-4b70-8a65-b17c5d575c35
747,747,4.210468663449878,d79c66f1-0fba-4b70-8a65-b17c5d575c35
748,748,4.210468663449878,d79c66f1-0fba-4b70-8a65-b17c5d575c35
749,749,4.210468663449878,d79c66f1-0fba-4b70-8a65-b17c5d575c35
750,750,4.210468663449878,d79c66f1-0fba-4b70-8a65-b17c5d575c35
751,751,4.210468663449878,d79c66f1-0fba-4b70-8a65-b17c5d575c35
752,752,4.210468663449878,d79c66f1-0fba-4b70-8a65-b17c5d575c35
753,753,4.210468663449878,d79c66f1-0fba-4b70-8a65-b17c5d575c35
754,754,4.210468663449878,d79c66f1-0fba-4b70-8a65-b17c5d575c35
755,755,4.210468663449878,d79c66f1-0fba-4b70-8a65-b17c5d575c35
756,756,4.210468663449878,d79c66f1-0fba-4b70-8a65-b17c5d575c35
757,757,4.210468663449878,d79c66f1-0fba-4b70-8a65-b17c5d575c35
758,758,4.210468663449878,d79c66f1-0fba-4b70-8a65-b17c5d575c35
759,759,4.210468663449878,d79c66f1-0fba-4b70-8a65-b17c5d575c35
760,760,4.210468663449878,d79c66f1-0fba-4b70-8a65-b17c5d575c35
761,761,4.210468663449878,d79c66f1-0fba-4b70-8a65-b17c5d575c35
762,762,4.210468663449878,d79c66f1-0fba-4b70-8a65-b17c5d575c35
763,763,4.210468663449878,d79c66f1-0fba-4b70-8a65-b17c5d575c35
764,764,4.210468663449878,d79c66f1-0fba-4b70-8a65-b17c5d575c35
765,765,4.210468663449878,d79c66f1-0fba-4b70-8a65-b17c5d575c35
766,766,4.210468663449878,d79c66f1-0fba-4b70-8a65-b17c5d575c35
767,767,4.210468663449878,d79c66f1-0fba-4b70-8a65-b17c5d575c35
768,768,4.210468663449878,d79c66f1-0fba-4b70-8a65-b17c5d575c35
769,769,4.210468663449878,d79c66f1-0fba-4b70-8a65-b17c5d575c35
770,770,4.210468663449878,d79c66f1-0fba-4b70-8a65-b17c5d575c35
771,771,4.210468663449878,d79c66f1-0fba-4b70-8a65-b17c5d575c35
772,772,4.2104689512546996,d79c66f1-0fba-4b70-8a65-b17c5d575c35
773,773,4.210468978180984,d79c66f1-0fba-4b70-8a65-b17c5d575c35
774,774,4.2104689806594,d79c66f1-0fba-4b70-8a65-b17c5d575c35
775,775,4.210468985718154,d79c66f1-0fba-4b70-8a65-b17c5d575c35
776,776,4.210468985718154,d79c66f1-0fba-4b70-8a65-b17c5d575c35
777,777,4.210469049306031,d79c66f1-0fba-4b70-8a65-b17c5d575c35
778,778,4.210469049306031,d79c66f1-0fba-4b70-8a65-b17c5d575c35
779,779,4.210469075538232,d79c66f1-0fba-4b70-8a65-b17c5d575c35
780,780,4.2104690771880895,d79c66f1-0fba-4b70-8a65-b17c5d575c35
781,781,4.2104690771880895,d79c66f1-0fba-4b70-8a65-b17c5d575c35
782,782,4.2104690771880895,d79c66f1-0fba-4b70-8a65-b17c5d575c35
783,783,4.2104690771880895,d79c66f1-0fba-4b70-8a65-b17c5d575c35
784,784,4.2104690771880895,d79c66f1-0fba-4b70-8a65-b17c5d575c35
785,785,4.2104690771880895,d79c66f1-0fba-4b70-8a65-b17c5d575c35
786,786,4.2104690771880895,d79c66f1-0fba-4b70-8a65-b17c5d575c35
787,787,4.2104690771880895,d79c66f1-0fba-4b70-8a65-b17c5d575c35
788,788,4.2104690771880895,d79c66f1-0fba-4b70-8a65-b17c5d575c35
789,789,4.2104690771880895,d79c66f1-0fba-4b70-8a65-b17c5d575c35
790,790,4.2104690771880895,d79c66f1-0fba-4b70-8a65-b17c5d575c35
791,791,4.2104690771880895,d79c66f1-0fba-4b70-8a65-b17c5d575c35
792,792,4.2104690771880895,d79c66f1-0fba-4b70-8a65-b17c5d575c35
793,793,4.2104690771880895,d79c66f1-0fba-4b70-8a65-b17c5d575c35
794,794,4.2104690771880895,d79c66f1-0fba-4b70-8a65-b17c5d575c35
795,795,4.2104690771880895,d79c66f1-0fba-4b70-8a65-b17c5d575c35
796,796,4.2104690771880895,d79c66f1-0fba-4b70-8a65-b17c5d575c35
797,797,4.2104690771880895,d79c66f1-0fba-4b70-8a65-b17c5d575c35
798,798,4.2104690771880895,d79c66f1-0fba-4b70-8a65-b17c5d575c35
799,799,4.2104690771880895,d79c66f1-0fba-4b70-8a65-b17c5d575c35
800,800,4.2104690771880895,d79c66f1-0fba-4b70-8a65-b17c5d575c35
801,801,4.2104690771880895,d79c66f1-0fba-4b70-8a65-b17c5d575c35
802,802,4.2104690771880895,d79c66f1-0fba-4b70-8a65-b17c5d575c35
803,803,4.2104690771880895,d79c66f1-0fba-4b70-8a65-b17c5d575c35
804,804,4.2104690771880895,d79c66f1-0fba-4b70-8a65-b17c5d575c35
805,805,4.2104690771880895,d79c66f1-0fba-4b70-8a65-b17c5d575c35
806,806,4.2104690771880895,d79c66f1-0fba-4b70-8a65-b17c5d575c35
807,807,4.2104690771880895,d79c66f1-0fba-4b70-8a65-b17c5d575c35
808,808,4.2104690771880895,d79c66f1-0fba-4b70-8a65-b17c5d575c35
809,809,4.2104690771880895,d79c66f1-0fba-4b70-8a65-b17c5d575c35
810,810,4.2104690771880895,d79c66f1-0fba-4b70-8a65-b17c5d575c35
811,811,4.2104690771880895,d79c66f1-0fba-4b70-8a65-b17c5d575c35
812,812,4.2104690771880895,d79c66f1-0fba-4b70-8a65-b17c5d575c35
813,813,4.2104690771880895,d79c66f1-0fba-4b70-8a65-b17c5d575c35
814,814,4.2104690771880895,d79c66f1-0fba-4b70-8a65-b17c5d575c35
815,815,4.2104690771880895,d79c66f1-0fba-4b70-8a65-b17c5d575c35
816,816,4.2104690771880895,d79c66f1-0fba-4b70-8a65-b17c5d575c35
817,817,4.2104690771880895,d79c66f1-0fba-4b70-8a65-b17c5d575c35
818,818,4.2104690771880895,d79c66f1-0fba-4b70-8a65-b17c5d575c35
819,819,4.2104690771880895,d79c66f1-0fba-4b70-8a65-b17c5d575c35
820,820,4.2104690771880895,d79c66f1-0fba-4b70-8a65-b17c5d575c35
821,821,4.2104690771880895,d79c66f1-0fba-4b70-8a65-b17c5d575c35
822,822,4.2104690771880895,d79c66f1-0fba-4b70-8a65-b17c5d575c35
823,823,4.2104690771880895,d79c66f1-0fba-4b70-8a65-b17c5d575c35
824,824,4.2104690771880895,d79c66f1-0fba-4b70-8a65-b17c5d575c35
825,825,4.2104690771880895,d79c66f1-0fba-4b70-8a65-b17c5d575c35
826,826,4.2104690771880895,d79c66f1-0fba-4b70-8a65-b17c5d575c35
827,827,4.2104690771880895,d79c66f1-0fba-4b70-8a65-b17c5d575c35
828,828,4.2104690771880895,d79c66f1-0fba-4b70-8a65-b17c5d575c35
829,829,4.2104690771880895,d79c66f1-0fba-4b70-8a65-b17c5d575c35
830,830,4.2104690771880895,d79c66f1-0fba-4b70-8a65-b17c5d575c35
831,831,4.2104690771880895,d79c66f1-0fba-4b70-8a65-b17c5d575c35
832,832,4.2104690771880895,d79c66f1-0fba-4b70-8a65-b17c5d575c35
833,833,4.2104690771880895,d79c66f1-0fba-4b70-8a65-b17c5d575c35
834,834,4.2104690771880895,d79c66f1-0fba-4b70-8a65-b17c5d575c35
835,835,4.2104690771880895,d79c66f1-0fba-4b70-8a65-b17c5d575c35
836,836,4.2104690771880895,d79c66f1-0fba-4b70-8a65-b17c5d575c35
837,837,4.2104690771880895,d79c66f1-0fba-4b70-8a65-b17c5d575c35
838,838,4.2104690771880895,d79c66f1-0fba-4b70-8a65-b17c5d575c35
839,839,4.210469531029964,d79c66f1-0fba-4b70-8a65-b17c5d575c35
840,840,4.210469591070697,d79c66f1-0fba-4b70-8a65-b17c5d575c35
841,841,4.210571376018931,d79c66f1-0fba-4b70-8a65-b17c5d575c35
842,842,4.210587765155662,d79c66f1-0fba-4b70-8a65-b17c5d575c35
843,843,4.210596470481124,d79c66f1-0fba-4b70-8a65-b17c5d575c35
844,844,4.2105972157712745,d79c66f1-0fba-4b70-8a65-b17c5d575c35
845,845,4.210597219630197,d79c66f1-0fba-4b70-8a65-b17c5d575c35
846,846,4.210597705951715,d79c66f1-0fba-4b70-8a65-b17c5d575c35
847,847,4.210597807992188,d79c66f1-0fba-4b70-8a65-b17c5d575c35
848,848,4.210599798340085,d79c66f1-0fba-4b70-8a65-b17c5d575c35
849,849,4.210602324409175,d79c66f1-0fba-4b70-8a65-b17c5d575c35
850,850,4.2106023250525375,d79c66f1-0fba-4b70-8a65-b17c5d575c35
851,851,4.210603370512194,d79c66f1-0fba-4b70-8a65-b17c5d575c35
852,852,4.210603561631392,d79c66f1-0fba-4b70-8a65-b17c5d575c35
853,853,4.210603561631392,d79c66f1-0fba-4b70-8a65-b17c5d575c35
854,854,4.210603561631392,d79c66f1-0fba-4b70-8a65-b17c5d575c35
855,855,4.210603561638836,d79c66f1-0fba-4b70-8a65-b17c5d575c35
856,856,4.210603561638836,d79c66f1-0fba-4b70-8a65-b17c5d575c35
857,857,4.210603561638836,d79c66f1-0fba-4b70-8a65-b17c5d575c35
858,858,4.210603561638836,d79c66f1-0fba-4b70-8a65-b17c5d575c35
859,859,4.210603561638836,d79c66f1-0fba-4b70-8a65-b17c5d575c35
860,860,4.210603561638836,d79c66f1-0fba-4b70-8a65-b17c5d575c35
861,861,4.210603561638836,d79c66f1-0fba-4b70-8a65-b17c5d575c35
862,862,4.210603561638836,d79c66f1-0fba-4b70-8a65-b17c5d575c35
863,863,4.210603561638836,d79c66f1-0fba-4b70-8a65-b17c5d575c35
864,864,4.210603561638836,d79c66f1-0fba-4b70-8a65-b17c5d575c35
865,865,4.210603561638836,d79c66f1-0fba-4b70-8a65-b17c5d575c35
866,866,4.210603561638836,d79c66f1-0fba-4b70-8a65-b17c5d575c35
867,867,4.210603561638836,d79c66f1-0fba-4b70-8a65-b17c5d575c35
868,868,4.210603561638836,d79c66f1-0fba-4b70-8a65-b17c5d575c35
869,869,4.210603561638836,d79c66f1-0fba-4b70-8a65-b17c5d575c35
870,870,4.210603561638836,d79c66f1-0fba-4b70-8a65-b17c5d575c35
871,871,4.210603561638836,d79c66f1-0fba-4b70-8a65-b17c5d575c35
872,872,4.210603561638836,d79c66f1-0fba-4b70-8a65-b17c5d575c35
873,873,4.210603561638836,d79c66f1-0fba-4b70-8a65-b17c5d575c35
874,874,4.210603561638836,d79c66f1-0fba-4b70-8a65-b17c5d575c35
875,875,4.210603561638836,d79c66f1-0fba-4b70-8a65-b17c5d575c35
876,876,4.210603561638836,d79c66f1-0fba-4b70-8a65-b17c5d575c35
877,877,4.210603561638836,d79c66f1-0fba-4b70-8a65-b17c5d575c35
878,878,4.21060356576278,d79c66f1-0fba-4b70-8a65-b17c5d575c35
879,879,4.21060356576278,d79c66f1-0fba-4b70-8a65-b17c5d575c35
880,880,4.21060356576278,d79c66f1-0fba-4b70-8a65-b17c5d575c35
881,881,4.21060356576278,d79c66f1-0fba-4b70-8a65-b17c5d575c35
882,882,4.21060356576278,d79c66f1-0fba-4b70-8a65-b17c5d575c35
883,883,4.21060356576278,d79c66f1-0fba-4b70-8a65-b17c5d575c35
884,884,4.21060356576278,d79c66f1-0fba-4b70-8a65-b17c5d575c35
885,885,4.21060356576278,d79c66f1-0fba-4b70-8a65-b17c5d575c35
886,886,4.21060356576278,d79c66f1-0fba-4b70-8a65-b17c5d575c35
887,887,4.21060356576278,d79c66f1-0fba-4b70-8a65-b17c5d575c35
888,888,4.210603565775406,d79c66f1-0fba-4b70-8a65-b17c5d575c35
889,889,4.210603565775406,d79c66f1-0fba-4b70-8a65-b17c5d575c35
890,890,4.210603565775406,d79c66f1-0fba-4b70-8a65-b17c5d575c35
891,891,4.210603565775406,d79c66f1-0fba-4b70-8a65-b17c5d575c35
892,892,4.210603565775406,d79c66f1-0fba-4b70-8a65-b17c5d575c35
893,893,4.210603565775406,d79c66f1-0fba-4b70-8a65-b17c5d575c35
894,894,4.210603565775406,d79c66f1-0fba-4b70-8a65-b17c5d575c35
895,895,4.210603565775406,d79c66f1-0fba-4b70-8a65-b17c5d575c35
896,896,4.210603565775406,d79c66f1-0fba-4b70-8a65-b17c5d575c35
897,897,4.210603565775406,d79c66f1-0fba-4b70-8a65-b17c5d575c35
898,898,4.210603565775406,d79c66f1-0fba-4b70-8a65-b17c5d575c35
899,899,4.210603565775406,d79c66f1-0fba-4b70-8a65-b17c5d575c35
900,900,4.210603565775406,d79c66f1-0fba-4b70-8a65-b17c5d575c35
901,901,4.210603565775406,d79c66f1-0fba-4b70-8a65-b17c5d575c35
902,902,4.210603565775406,d79c66f1-0fba-4b70-8a65-b17c5d575c35
903,903,4.210603565775406,d79c66f1-0fba-4b70-8a65-b17c5d575c35
904,904,4.210603565775406,d79c66f1-0fba-4b70-8a65-b17c5d575c35
905,905,4.210603565775406,d79c66f1-0fba-4b70-8a65-b17c5d575c35
906,906,4.210603565775406,d79c66f1-0fba-4b70-8a65-b17c5d575c35
907,907,4.210603565775406,d79c66f1-0fba-4b70-8a65-b17c5d575c35
908,908,4.210603565775406,d79c66f1-0fba-4b70-8a65-b17c5d575c35
909,909,4.210603565775406,d79c66f1-0fba-4b70-8a65-b17c5d575c35
910,910,4.210603565775406,d79c66f1-0fba-4b70-8a65-b17c5d575c35
911,911,4.210603565775406,d79c66f1-0fba-4b70-8a65-b17c5d575c35
912,912,4.210603565775406,d79c66f1-0fba-4b70-8a65-b17c5d575c35
913,913,4.210603565775406,d79c66f1-0fba-4b70-8a65-b17c5d575c35
914,914,4.210603565775406,d79c66f1-0fba-4b70-8a65-b17c5d575c35
915,915,4.210603565775406,d79c66f1-0fba-4b70-8a65-b17c5d575c35
916,916,4.210603565775406,d79c66f1-0fba-4b70-8a65-b17c5d575c35
917,917,4.210603565775406,d79c66f1-0fba-4b70-8a65-b17c5d575c35
918,918,4.210603565775406,d79c66f1-0fba-4b70-8a65-b17c5d575c35
919,919,4.210603565775406,d79c66f1-0fba-4b70-8a65-b17c5d575c35
920,920,4.210603565775406,d79c66f1-0fba-4b70-8a65-b17c5d575c35
921,921,4.210603565775406,d79c66f1-0fba-4b70-8a65-b17c5d575c35
922,922,4.210603565775406,d79c66f1-0fba-4b70-8a65-b17c5d575c35
923,923,4.210603565775406,d79c66f1-0fba-4b70-8a65-b17c5d575c35
924,924,4.210603565775406,d79c66f1-0fba-4b70-8a65-b17c5d575c35
925,925,4.210603565775406,d79c66f1-0fba-4b70-8a65-b17c5d575c35
926,926,4.210603565775406,d79c66f1-0fba-4b70-8a65-b17c5d575c35
927,927,4.210603565775406,d79c66f1-0fba-4b70-8a65-b17c5d575c35
928,928,4.210603565775406,d79c66f1-0fba-4b70-8a65-b17c5d575c35
929,929,4.210603565775406,d79c66f1-0fba-4b70-8a65-b17c5d575c35
930,930,4.210603565775406,d79c66f1-0fba-4b70-8a65-b17c5d575c35
931,931,4.210603565775406,d79c66f1-0fba-4b70-8a65-b17c5d575c35
932,932,4.210603565775406,d79c66f1-0fba-4b70-8a65-b17c5d575c35
933,933,4.210603565775406,d79c66f1-0fba-4b70-8a65-b17c5d575c35
934,934,4.210603565775406,d79c66f1-0fba-4b70-8a65-b17c5d575c35
935,935,4.210603565775406,d79c66f1-0fba-4b70-8a65-b17c5d575c35
936,936,4.210603565775406,d79c66f1-0fba-4b70-8a65-b17c5d575c35
937,937,4.210603565775406,d79c66f1-0fba-4b70-8a65-b17c5d575c35
938,938,4.210603565775406,d79c66f1-0fba-4b70-8a65-b17c5d575c35
939,939,4.210603565775406,d79c66f1-0fba-4b70-8a65-b17c5d575c35
940,940,4.210603565775406,d79c66f1-0fba-4b70-8a65-b17c5d575c35
941,941,4.210603565775406,d79c66f1-0fba-4b70-8a65-b17c5d575c35
942,942,4.210603565775406,d79c66f1-0fba-4b70-8a65-b17c5d575c35
943,943,4.210603565775406,d79c66f1-0fba-4b70-8a65-b17c5d575c35
944,944,4.210603565775406,d79c66f1-0fba-4b70-8a65-b17c5d575c35
945,945,4.210603565775406,d79c66f1-0fba-4b70-8a65-b17c5d575c35
946,946,4.210603565775406,d79c66f1-0fba-4b70-8a65-b17c5d575c35
947,947,4.210603565775406,d79c66f1-0fba-4b70-8a65-b17c5d575c35
948,948,4.210603565775406,d79c66f1-0fba-4b70-8a65-b17c5d575c35
949,949,4.210603565775406,d79c66f1-0fba-4b70-8a65-b17c5d575c35
950,950,4.210603565775406,d79c66f1-0fba-4b70-8a65-b17c5d575c35
951,951,4.210603565775406,d79c66f1-0fba-4b70-8a65-b17c5d575c35
952,952,4.210603565775406,d79c66f1-0fba-4b70-8a65-b17c5d575c35
953,953,4.210603565775406,d79c66f1-0fba-4b70-8a65-b17c5d575c35
954,954,4.210603565775406,d79c66f1-0fba-4b70-8a65-b17c5d575c35
955,955,4.210603565775406,d79c66f1-0fba-4b70-8a65-b17c5d575c35
956,956,4.210603565775406,d79c66f1-0fba-4b70-8a65-b17c5d575c35
957,957,4.210603565775406,d79c66f1-0fba-4b70-8a65-b17c5d575c35
958,958,4.210603565775406,d79c66f1-0fba-4b70-8a65-b17c5d575c35
959,959,4.210603565775406,d79c66f1-0fba-4b70-8a65-b17c5d575c35
960,960,4.210603565775406,d79c66f1-0fba-4b70-8a65-b17c5d575c35
961,961,4.210603575183078,d79c66f1-0fba-4b70-8a65-b17c5d575c35
962,962,4.210603575260686,d79c66f1-0fba-4b70-8a65-b17c5d575c35
963,963,4.210603575568635,d79c66f1-0fba-4b70-8a65-b17c5d575c35
964,964,4.210603575650594,d79c66f1-0fba-4b70-8a65-b17c5d575c35
965,965,4.210603577522908,d79c66f1-0fba-4b70-8a65-b17c5d575c35
966,966,4.210603577522908,d79c66f1-0fba-4b70-8a65-b17c5d575c35
967,967,4.210603585237313,d79c66f1-0fba-4b70-8a65-b17c5d575c35
968,968,4.210603586631727,d79c66f1-0fba-4b70-8a65-b17c5d575c35
969,969,4.210603586670109,d79c66f1-0fba-4b70-8a65-b17c5d575c35
970,970,4.210603589954255,d79c66f1-0fba-4b70-8a65-b17c5d575c35
971,971,4.21060359584643,d79c66f1-0fba-4b70-8a65-b17c5d575c35
972,972,4.210603596102887,d79c66f1-0fba-4b70-8a65-b17c5d575c35
973,973,4.210603596102887,d79c66f1-0fba-4b70-8a65-b17c5d575c35
974,974,4.210603596102887,d79c66f1-0fba-4b70-8a65-b17c5d575c35
975,975,4.210603596102887,d79c66f1-0fba-4b70-8a65-b17c5d575c35
976,976,4.210603596481084,d79c66f1-0fba-4b70-8a65-b17c5d575c35
977,977,4.210603596630598,d79c66f1-0fba-4b70-8a65-b17c5d575c35
978,978,4.210603596631562,d79c66f1-0fba-4b70-8a65-b17c5d575c35
979,979,4.210603596635834,d79c66f1-0fba-4b70-8a65-b17c5d575c35
980,980,4.21060359665008,d79c66f1-0fba-4b70-8a65-b17c5d575c35
981,981,4.210603596652041,d79c66f1-0fba-4b70-8a65-b17c5d575c35
982,982,4.210603596652041,d79c66f1-0fba-4b70-8a65-b17c5d575c35
983,983,4.210603596672206,d79c66f1-0fba-4b70-8a65-b17c5d575c35
984,984,4.210603596679089,d79c66f1-0fba-4b70-8a65-b17c5d575c35
985,985,4.210603596718915,d79c66f1-0fba-4b70-8a65-b17c5d575c35
986,986,4.210603596727616,d79c66f1-0fba-4b70-8a65-b17c5d575c35
987,987,4.210603596727616,d79c66f1-0fba-4b70-8a65-b17c5d575c35
988,988,4.210603596727616,d79c66f1-0fba-4b70-8a65-b17c5d575c35
989,989,4.210603596727616,d79c66f1-0fba-4b70-8a65-b17c5d575c35
990,990,4.210604633222418,d79c66f1-0fba-4b70-8a65-b17c5d575c35
991,991,4.210604633222418,d79c66f1-0fba-4b70-8a65-b17c5d575c35
992,992,4.21119407826898,d79c66f1-0fba-4b70-8a65-b17c5d575c35
993,993,4.21119407826898,d79c66f1-0fba-4b70-8a65-b17c5d575c35
994,994,4.21119407826898,d79c66f1-0fba-4b70-8a65-b17c5d575c35
995,995,4.21119407826898,d79c66f1-0fba-4b70-8a65-b17c5d575c35
996,996,4.21119407826898,d79c66f1-0fba-4b70-8a65-b17c5d575c35
997,997,4.21119407826898,d79c66f1-0fba-4b70-8a65-b17c5d575c35
998,998,4.21119407826898,d79c66f1-0fba-4b70-8a65-b17c5d575c35
999,999,4.211353334081577,d79c66f1-0fba-4b70-8a65-b17c5d575c35
1000,1000,4.211353334081577,d79c66f1-0fba-4b70-8a65-b17c5d575c35
